肖申克的救赎,弗兰克·德拉邦特,弗兰克·德拉邦特/斯蒂芬·金,蒂姆·罗宾斯/摩根·弗里曼/鲍勃·冈顿/威廉姆·赛德勒/克兰西·布朗/吉尔·贝罗斯/马克·罗斯顿/詹姆斯·惠特摩/杰弗里·德曼/拉里·布兰登伯格/尼尔·吉恩托利/布赖恩·利比/大卫·普罗瓦尔/约瑟夫·劳格诺/祖德·塞克利拉/保罗·麦克兰尼/芮妮·布莱恩/阿方索·弗里曼/V·J·福斯特/弗兰克·梅德拉诺/马克·迈尔斯/尼尔·萨默斯/耐德·巴拉米/布赖恩·戴拉特/唐·麦克马纳斯,剧情/犯罪,美国,英语,1994-09-10(多伦多电影节)/1994-10-14(美国),142分钟,9.7,2431086,经典/励志/信念/自由/人性/人生/希望/美国
霸王别姬,陈凯歌,芦苇/李碧华,张国荣/张丰毅/巩俐/葛优/英达/蒋雯丽/吴大维/吕齐/雷汉/尹治/马明威/费振翔/智一桐/李春/赵海龙/李丹/童弟/沈慧芬/黄斐/徐杰,剧情/爱情/同性,中国大陆/中国香港,汉语普通话,1993-07-26(中国大陆)/1993-01-01(中国香港),171分钟,9.6,1807992,经典/人性/文艺/爱情/人生/文革/剧情/同志
阿甘正传,罗伯特·泽米吉斯,艾瑞克·罗斯/温斯顿·格鲁姆,汤姆·汉克斯/罗宾·怀特/加里·西尼斯/麦凯尔泰·威廉逊/莎莉·菲尔德/海利·乔·奥斯蒙/迈克尔·康纳·亨弗里斯/哈罗德·G·赫瑟姆/山姆·安德森/伊俄涅·M·特雷奇/彼得·道博森/希博汗·法隆/伊丽莎白·汉克斯/汉娜·豪尔/克里斯托弗·琼斯/罗布·兰德里/杰森·麦克奎尔/桑尼·施罗耶/艾德·戴维斯/丹尼尔C.斯瑞派克/大卫·布里斯宾/德博拉·麦克蒂尔/艾尔·哈林顿/阿非莫·奥米拉/约翰·沃德斯塔德/迈克尔·伯吉斯/埃里克·安德伍德/拜伦·明斯/斯蒂芬·布吉格沃特/约翰·威廉·高尔特/希拉里·沙普兰/伊莎贝尔·罗斯/理查德·达历山德罗/迪克·史迪威/迈克尔-杰斯/杰弗里·布莱克/瓦妮莎·罗斯/迪克·卡维特/马拉·苏查雷特扎/乔·阿拉斯奇/W·本森·泰瑞,剧情/爱情,美国,英语,1994-06-23(洛杉矶首映)/1994-07-06(美国),142分钟,9.5,1828275,励志/经典/人生/成长/美国/信念/剧情/人性
这个杀手不太冷,吕克·贝松,吕克·贝松,让·雷诺/娜塔莉·波特曼/加里·奥德曼/丹尼·爱罗/彼得·阿佩尔/迈克尔·巴达鲁科/艾伦·格里尼/伊丽莎白·瑞根/卡尔·马图斯维奇/弗兰克·赛格/麦温/乔治·马丁/罗伯特·拉萨多/亚当·布斯奇/马里奥·托迪斯科/萨米·纳塞利,剧情/动作/犯罪,法国/美国,英语 / 意大利语 / 法语,1994-09-14(法国),110分钟(剧场版),9.4,1994814,经典/温情/爱情/人性/成长/剧情/犯罪/感人
泰坦尼克号,詹姆斯·卡梅隆,詹姆斯·卡梅隆,莱昂纳多·迪卡普里奥/凯特·温丝莱特/比利·赞恩/凯西·贝茨/弗兰西丝·费舍/格劳瑞亚·斯图尔特/比尔·帕克斯顿/伯纳德·希尔/大卫·沃纳/维克多·加博/乔纳森·海德/苏茜·爱米斯/刘易斯·阿伯内西/尼古拉斯·卡斯柯恩/阿那托利·萨加洛维奇/丹尼·努齐/杰森·贝瑞/伊万·斯图尔特/艾恩·格拉法德/乔纳森·菲利普斯/马克·林赛·查普曼/理查德·格拉翰/保罗·布赖特威尔/艾瑞克·布里登/夏洛特·查顿/博纳德·福克斯/迈克尔·英塞恩/法妮·布雷特/马丁·贾维斯/罗莎琳·艾尔斯/罗切尔·罗斯/乔纳森·伊万斯-琼斯/西蒙·克雷恩/爱德华德·弗莱彻/斯科特·安德森/马丁·伊斯特/克雷格·凯利/格雷戈里·库克/利亚姆·图伊/詹姆斯·兰开斯特/艾尔莎·瑞雯/卢·帕尔特/泰瑞·佛瑞斯塔/凯文·德·拉·诺伊,剧情/爱情/灾难,美国/墨西哥/澳大利亚/加拿大,英语 / 意大利语 / 德语 / 俄语,1998-04-03(中国大陆)/1997-11-01(东京电影节)/1997-12-19(美国),194分钟,9.4,1790226,爱情/经典/灾难/浪漫/感动/美国/奥斯卡/大片
美丽人生,罗伯托·贝尼尼,温琴佐·切拉米/罗伯托·贝尼尼,罗伯托·贝尼尼/尼可莱塔·布拉斯基/乔治·坎塔里尼/朱斯蒂诺·杜拉诺/赛尔乔·比尼·布斯特里克/玛丽萨·帕雷德斯/霍斯特·布赫霍尔茨/利迪娅·阿方西/朱利亚娜·洛约迪切/亚美利哥·丰塔尼/彼得·德·席尔瓦/弗朗西斯·古佐/拉法埃拉·莱博罗尼/克劳迪奥·阿方西/吉尔·巴罗尼/马西莫·比安奇/恩尼奥·孔萨尔维/吉安卡尔洛·科森蒂诺/阿伦·克雷格/汉尼斯·赫尔曼/弗兰科·梅斯科利尼/安东尼奥·普雷斯特/吉娜·诺维勒/理查德·塞梅尔/安德烈提多娜/迪尔克·范登贝格/奥梅罗·安东努蒂,剧情/喜剧/爱情/战争,意大利,意大利语 / 德语 / 英语,2020-01-03(中国大陆)/1997-12-20(意大利),116分钟,9.6,1120882,亲情/二战/经典/意大利/战争/温情/人性/爱情
千与千寻,宫崎骏,宫崎骏,柊瑠美/入野自由/夏木真理/菅原文太/中村彰男/玉井夕海/神木隆之介/内藤刚志/泽口靖子/我修院达也/大泉洋/小林郁夫/上条恒彦/小野武彦,剧情/动画/奇幻,日本,日语,2019-06-21(中国大陆)/2001-07-20(日本),125分钟,9.4,1908316,日本/动画/成长/动漫/温情/经典/人性/感人
辛德勒的名单,史蒂文·斯皮尔伯格,托马斯·肯尼利/斯蒂文·泽里安,连姆·尼森/本·金斯利/拉尔夫·费因斯/卡罗琳·古多尔/乔纳森·萨加尔/艾伯丝·戴维兹/马尔戈萨·格贝尔/马克·伊瓦涅/碧翠斯·马科拉/安德烈·瑟韦林/弗里德里希·冯·图恩/克齐斯茨托夫·拉夫特/诺伯特·魏塞尔/维斯瓦夫·科马萨,剧情/历史/战争,美国,英语 / 希伯来语 / 德语 / 波兰语,1993-11-30(华盛顿首映)/1994-02-04(美国),195分钟,9.5,932989,人性/二战/经典/战争/斯皮尔伯格/辛德勒的名单/美国/历史
盗梦空间,克里斯托弗·诺兰,克里斯托弗·诺兰,莱昂纳多·迪卡普里奥/约瑟夫·高登-莱维特/艾利奥特·佩吉/汤姆·哈迪/渡边谦/迪利普·劳/基里安·墨菲/汤姆·贝伦杰/玛丽昂·歌迪亚/皮特·波斯尔思韦特/迈克尔·凯恩/卢卡斯·哈斯/李太力/克莱尔·吉尔蕾/马格努斯·诺兰/泰勒·吉蕾/乔纳森·吉尔/水源士郎/冈本玉二/厄尔·卡梅伦/瑞恩·海沃德/米兰达·诺兰/拉什·费加/蒂姆·科勒赫/妲露拉·莱莉,剧情/科幻/悬疑/冒险,美国/英国,英语 / 日语 / 法语,2010-09-01(中国大陆)/2020-08-28(中国大陆重映)/2010-07-16(美国),148分钟,9.3,1758484,科幻/悬疑/心理/美国/经典/剧情/梦/哲学
忠犬八公的故事,拉斯·霍尔斯道姆,斯蒂芬·P·林赛/新藤兼人,理查·基尔/萨拉·罗默尔/琼·艾伦/罗比·萨布莱特/艾瑞克·阿瓦利/田川洋行/杰森·亚历山大/罗伯特·卡普荣,剧情,美国/英国,英语 / 日语,2009-06-13(西雅图电影节)/2010-03-12(英国),93分钟,9.4,1209310,感人/动物/温情/温暖/真实事件改编/人性/美国/治愈系
星际穿越,克里斯托弗·诺兰,乔纳森·诺兰/克里斯托弗·诺兰,马修·麦康纳/安妮·海瑟薇/杰西卡·查斯坦/麦肯吉·弗依/卡西·阿弗莱克/迈克尔·凯恩/马特·达蒙/蒂莫西·柴勒梅德/艾伦·伯斯汀/约翰·利思戈/韦斯·本特利/大卫·吉亚西/比尔·欧文/托弗·戈瑞斯/科莱特·沃夫/弗朗西斯·X.麦卡蒂/安德鲁·博尔巴/乔什·斯图沃特/莱雅·卡里恩斯/利亚姆·迪金森/杰夫·赫普内尔/伊莱耶斯·加贝尔/布鲁克·史密斯/大卫·奥伊罗/威廉姆·德瓦内/拉什·费加/格里芬·弗雷泽/弗洛拉·诺兰,剧情/科幻/冒险,美国/英国/加拿大,英语,2014-11-12(中国大陆)/2020-08-02(中国大陆重映)/2014-11-07(美国),169分钟,9.3,1432323,科幻/太空/宇宙/美国/人性/亲情/震撼/冒险
楚门的世界,彼得·威尔,安德鲁·尼科尔,金·凯瑞/劳拉·琳妮/艾德·哈里斯/诺亚·艾默里奇/娜塔莎·麦克艾霍恩,剧情/科幻,美国,英语,1998-06-05(美国),103分钟,9.3,1353443,人性/经典/楚门的世界/人生/自由/美国/剧情/JimCarrey
海上钢琴师,朱塞佩·托纳多雷,亚利桑德罗·巴里克/朱塞佩·托纳多雷,蒂姆·罗斯/普路特·泰勒·文斯/比尔·努恩/克兰伦斯·威廉姆斯三世/梅兰尼·蒂埃里/皮特·沃恩/尼尔·奥布赖恩/阿尔贝托·巴斯克斯/加布里埃莱·拉维亚/科里·巴克/西德尼·科尔/LuigiDeLuca/尼古拉·迪·平托/费米·依鲁福祖/伊斯顿·盖奇/凯文·麦克纳利/布莱恩·普林格/沙拉·鲁宾/希思科特·威廉姆斯/阿妮妲·扎格利亚/安吉洛·迪洛雷塔,剧情/音乐,意大利,英语 / 法语 / 意大利语,2019-11-15(中国大陆)/1998-10-28(意大利),165分钟,9.3,1429422,经典/人生/音乐/钢琴/意大利/剧情/文艺/信念
三傻大闹宝莱坞,拉吉库马尔·希拉尼,维德胡·维诺德·乔普拉/拉吉库马尔·希拉尼/阿希贾特·乔希,阿米尔·汗/卡琳娜·卡普尔/马达范/沙尔曼·乔希/奥米·瓦依达/博曼·伊拉尼/莫娜·辛格/拉杰夫·拉宾德拉纳特安,剧情/喜剧/爱情/歌舞,印度,印地语 / 乌尔都语 / 英语,2011-12-08(中国大陆)/2009-12-25(印度),171分钟(印度),9.2,1603054,励志/印度/喜剧/搞笑/人生/宝莱坞/经典/成长
机器人总动员,安德鲁·斯坦顿,安德鲁·斯坦顿/吉姆·里尔顿/彼特·道格特,本·贝尔特/艾丽莎·奈特/杰夫·格尔林/佛莱德·威拉特/西格妮·韦弗/MacInTalk/约翰·拉岑贝格/凯茜·纳基麦/泰迪·牛顿/鲍伯·伯根/洛丽·理查德森/吉姆·瓦德/彼特·道格特/安德鲁·斯坦顿/杰夫·皮金/约翰·齐甘/米凯·麦高万/雪莉·琳恩/克莱特·惠特克/唐纳德·富利洛夫/罗里·艾伦/杰斯·哈梅尔/拉瑞恩·纽曼/扬·拉布森/保罗·伊丁,科幻/动画/冒险,美国,英语,2008-06-27(美国),98分钟,9.3,1128117,动画/科幻/感人/皮克斯/爱情/美国/环保/温暖
放牛班的春天,克里斯托夫·巴拉蒂,乔治·沙普罗/勒·惠勒/诺埃-诺尔/克里斯托夫·巴拉蒂/菲利普·洛佩斯-屈瓦尔,热拉尔·朱尼奥/让-巴蒂斯特·莫尼耶/弗朗索瓦·贝莱昂/凯德·麦拉德/让-保罗·博奈雷/玛丽·布奈尔/马科森斯·珀林/格雷戈里·加迪诺尔/托马斯·布伦门塔尔/西里尔·伯尔尼科特/西蒙·法戈特/泰奥杜尔·卡雷-卡赛尼/菲利普·杜·詹纳兰德/CaroleWeiss/埃里克·德斯玛莱茨/狄迪尔·弗拉蒙/雅克·贝汉,剧情/喜剧/音乐,法国/瑞士/德国,法语,2004-10-16(中国大陆)/2021(中国大陆重映)/2004-03-17(法国),97分钟,9.3,1113242,音乐/成长/教育/法国/经典/温情/励志/老师
无间道,刘伟强,麦兆辉/庄文强,刘德华/梁朝伟/黄秋生/曾志伟/郑秀文/陈慧琳/陈冠希/余文乐/杜汶泽/林家栋/萧亚轩,剧情/惊悚/犯罪,中国香港,粤语,2003-09-05(中国大陆)/2002-12-12(中国香港),101分钟,9.3,1095932,香港/警匪/经典/黑帮/犯罪/剧情/动作/人性
疯狂动物城,拜伦·霍华德,拜伦·霍华德/瑞奇·摩尔/杰拉德·布什/吉姆·里尔顿/乔西·特立尼达/菲尔·约翰斯顿/珍妮弗·李,金妮弗·古德温/杰森·贝特曼/伊德里斯·艾尔巴/珍妮·斯蕾特/内特·托伦斯/邦尼·亨特/唐·雷克/汤米·钟/J·K·西蒙斯/奥克塔维亚·斯宾瑟/艾伦·图代克/夏奇拉/雷蒙德·S·佩尔西/德拉·萨巴/莫里斯·拉马奇/菲尔·约翰斯顿/约翰·迪·马吉欧/凯蒂·洛斯/吉塔·雷迪/杰西·科尔蒂/汤米·利斯特/乔希·达拉斯/瑞奇·摩尔/凯斯·索西/彼得·曼斯布里奇/拜伦·霍华德/杰拉德·布什/马克·史密斯/乔西·特立尼达/约翰·拉维尔/克里斯汀·贝尔/吉尔·科德斯/梅利莎·古德温,喜剧/动画/冒险,美国,英语 / 挪威语,2016-03-04(中国大陆/美国)/2020-07-24(中国大陆重映),109分钟(中国大陆),9.2,1585266,动画/迪士尼/喜剧/动物/搞笑/美国/Disney/励志
大话西游之大圣娶亲,刘镇伟,刘镇伟,周星驰/吴孟达/朱茵/蔡少芬/蓝洁瑛/莫文蔚/罗家英/刘镇伟/陆树铭/李健仁,喜剧/爱情/奇幻/古装,中国香港/中国大陆,粤语 / 汉语普通话,2014-10-24(中国大陆)/2017-04-13(中国大陆重映)/1995-02-04(中国香港),95分钟,9.2,1301798,经典/爱情/喜剧/香港/搞笑/感人/人生/中国
熔炉,黄东赫,黄东赫/孔枝泳,孔刘/郑有美/金贤秀/郑仁絮/白承焕/张光/金民尚/林贤成/金周灵/严孝燮/全国焕/崔镇浩/金志映/严智星/许在浩/张素妍,剧情,韩国,韩语,2011-09-22(韩国),125分钟,9.3,789460,人性/韩国/犯罪/社会/虐心/熔炉/震撼/剧情
教父,弗朗西斯·福特·科波拉,马里奥·普佐/弗朗西斯·福特·科波拉,马龙·白兰度/阿尔·帕西诺/詹姆斯·肯恩/理查德·卡斯特尔诺/罗伯特·杜瓦尔/斯特林·海登/约翰·马利/理查德·康特/艾尔·勒提埃里/黛安·基顿/阿贝·维高达/塔莉娅·夏尔/吉亚尼·罗素/约翰·凯泽尔/鲁迪·邦德/兰尼·蒙大拿,剧情/犯罪,美国,英语 / 意大利语 / 拉丁语,1972-03-15(纽约首映)/1972-03-24(美国),175 分钟,9.3,793369,黑帮/经典/美国/犯罪/剧情/黑社会/人性/人生
当幸福来敲门,加布里埃莱·穆奇诺,斯蒂夫·康拉德,威尔·史密斯/贾登·史密斯/坦迪·牛顿/布莱恩·豪威/詹姆斯·凯伦/丹·卡斯泰兰尼塔/柯特·富勒/塔卡尤·费舍尔/凯文·韦斯特/乔治·张/戴维·迈克尔·西尔弗曼/多米尼克·博夫/杰弗·卡伦/乔伊芙·拉文/斯科特·克拉斯,剧情/家庭/传记,美国,英语 / 粤语,2008-01-17(中国大陆)/2020-07-20(中国大陆重映)/2006-12-15(美国),117分钟,9.1,1290827,励志/父子/感动/人生/经典/家庭/美国电影/亲情
龙猫,宫崎骏,宫崎骏,日高法子/坂本千夏/糸井重里/岛本须美/北林谷荣/高木均/雨笠利幸/丸山裕子/广濑正志/鹫尾真知子/铃木玲子/千叶繁/龙田直树/鳕子/西村朋纮/石田光子/神代知衣/中村大树/水谷优子/平松晶子/大谷育江,动画/奇幻/冒险,日本,日语,2018-12-14(中国大陆)/1988-04-16(日本),86分钟,9.2,1078876,日本/动漫/温情/童年/治愈系/经典/童话/成长
怦然心动,罗伯·莱纳,罗伯·莱纳/安德鲁·沙因曼/文德琳·范·德拉安南,玛德琳·卡罗尔/卡兰·麦克奥利菲/瑞贝卡·德·莫妮/安东尼·爱德华兹/约翰·马奥尼/佩内洛普·安·米勒/艾丹·奎因/凯文·韦斯曼/摩根·莉莉/瑞安·克茨纳/吉莉安·普法夫/迈克尔·博萨/博·勒纳/杰奎琳·埃沃拉/泰勒·格鲁秀斯/艾莉·布莱恩特/阿什莉·泰勒/伊瑟尔·布罗萨德/科迪·霍恩/迈克尔·博尔顿/肖恩·哈珀/斯戴芬妮·斯考特/帕特丽夏·伦茨/马修·戈尔德/阿罗拉·凯瑟琳·史密斯/凯莉·唐纳利/索菲亚·撒高/米歇尔·梅斯默/斯科特·乔尔·吉兹基/罗德·迈尔斯/卡拉帕西托/凯特琳·帕西托,剧情/喜剧/爱情,美国,英语,2010-07-26(好莱坞首映)/2010-09-10(美国),90分钟,9.1,1537904,青春/爱情/成长/初恋/浪漫/温情/文艺/经典
控方证人,比利·怀德,阿加莎·克里斯蒂/比利·怀德/哈里·库尼兹,泰隆·鲍华/玛琳·黛德丽/查尔斯·劳顿/爱尔莎·兰切斯特/约翰·威廉姆斯/亨利·丹尼尔/伊安·沃尔夫/托林·撒切尔/诺玛·威登/尤娜·奥康纳/茹塔·李,剧情/悬疑/犯罪,美国,英语 / 德语,1957-12-17(美国),116分钟,9.6,389759,悬疑/经典/推理/犯罪/法律/黑白/剧情/美国
触不可及,奥利维埃·纳卡什,奥利维埃·纳卡什/埃里克·托莱达诺,弗朗索瓦·克鲁塞/奥玛·希/安娜·勒尼/奥德雷·弗勒罗/托马·索利韦尔,剧情/喜剧,法国,法语,2011-11-02(法国),112分钟,9.3,857537,温情/法国/感人/法式情怀/喜剧/友情/剧情/人性
末代皇帝,贝纳尔多·贝托鲁奇,贝纳尔多·贝托鲁奇/马克·派普罗,尊龙/陈冲/邬君梅/彼得·奥图尔/英若诚/吴涛/黄自强/丹尼斯·邓/坂本龙一/马吉·汉/里克·扬/田川洋行/苟杰德/理查德·吴/皱缇格/陈凯歌/卢燕/区亨利/陈述/鲍皓昕/黄文捷/邵茹贞/亨利·基/张良斌/梁冬/康斯坦丁·格雷戈里/黄汉琪/王涛/宋怀桂/蔡鸿翔/程淑艳/张天民,剧情/传记/历史,英国/意大利/中国大陆/法国,英语 / 汉语普通话 / 日语,1987-10-04(东京国际电影节)/1987-10-23(意大利),163分钟,9.3,693148,历史/传记/溥仪/经典/人生/剧情/史诗/意大利
蝙蝠侠：黑暗骑士,克里斯托弗·诺兰,乔纳森·诺兰/克里斯托弗·诺兰/大卫·S·高耶,克里斯蒂安·贝尔/希斯·莱杰/艾伦·艾克哈特/迈克尔·凯恩/玛吉·吉伦哈尔/加里·奥德曼/摩根·弗里曼/莫尼克·加布里埃拉·库尔内/罗恩·迪恩/基里安·墨菲/黄经汉/内斯特·卡博内尔/埃里克·罗伯茨/里特奇·科斯特/安东尼·迈克尔·豪尔/基斯·斯扎拉巴基克/柯林·麦克法兰/约书亚·哈尔托/美琳达·麦格劳/内森·甘宝/迈克尔·维约/迈克尔·斯托扬诺夫/威廉·斯米利/丹尼·高德林/迈克尔·加·怀特/马修·奥尼尔/威廉·菲克纳/欧鲁米基·欧拉乌米/格雷格·比姆/爱利克·赫尔曼/毕崔斯·罗森/文森佐·尼克力/陈冠希,剧情/动作/科幻/惊悚/犯罪,美国/英国,英语 / 汉语普通话,2008-07-14(纽约首映)/2008-07-18(美国),152分钟,9.2,882957,诺兰/美国/科幻/犯罪/人性/动作/经典/超级英雄
寻梦环游记,李·昂克里奇,阿德里安·莫利纳/马修·奥尔德里奇/李·昂克里奇/詹森·卡茨,安东尼·冈萨雷斯/盖尔·加西亚·贝纳尔/本杰明·布拉特/阿兰娜·乌巴赫/芮妮·维克托/杰米·卡米尔/阿方索·阿雷奥/赫伯特·西古恩萨/加布里埃尔·伊格莱西亚斯/隆巴多·博伊尔/安娜·奥菲丽亚·莫吉亚/娜塔丽·科尔多瓦/赛琳娜·露娜/爱德华·詹姆斯·奥莫斯/索菲亚·伊斯皮诺萨/卡拉·梅迪纳/黛娅娜·欧特里/路易斯·瓦尔德斯/布兰卡·阿拉切利/萨尔瓦多·雷耶斯/切奇·马林/奥克塔维·索利斯/约翰·拉岑贝格,喜剧/动画/音乐/奇幻,美国,英语 / 西班牙语,2017-11-24(中国大陆)/2020-07-20(中国大陆重映)/2017-11-22(美国),105分钟,9.1,1352701,温情/亲情/动画/迪士尼/家庭/皮克斯/音乐/成长
活着,张艺谋,芦苇/余华,葛优/巩俐/姜武/牛犇/郭涛/张璐/倪大红/肖聪/董飞/刘天池/董立范/黄宗洛/刘燕瑾/李连义/杨同顺,剧情/家庭/历史,中国大陆/中国香港,汉语普通话,1994-06-30(中国香港)/1994-05-17(戛纳电影节),132分钟,9.3,687423,张艺谋/活着/文革/葛优/中国电影/巩俐/人生/剧情
指环王3：王者无敌,彼得·杰克逊,弗兰·威尔士/菲利帕·鲍恩斯/彼得·杰克逊/J.R.R.托尔金,伊利亚·伍德/西恩·奥斯汀/维果·莫腾森/奥兰多·布鲁姆/伊恩·麦克莱恩/肖恩·宾/多米尼克·莫纳汉/丽芙·泰勒/约翰·贝西/凯特·布兰切特/比利·博伊德/萨德文·布罗菲/阿利斯泰尔·布朗宁/马尔顿·索克斯/伯纳德·希尔/伊安·霍姆/布鲁斯·霍普金斯/IanHughes/劳伦斯·马克奥雷/诺埃尔·阿普利比/布雷特·麦肯齐/AlexandraAstin/SarahMcLeod/MaisyMcLeod-Riera/约翰·诺贝尔/PaulNorell/米兰达·奥图/布鲁斯·菲利普斯/沙恩·朗吉/约翰·瑞斯-戴维斯/ToddRippon/安迪·瑟金斯/HarrySinclair/乔尔·托贝克/卡尔·厄本/史蒂芬·乌瑞/雨果·维文/大卫·文翰/阿兰·霍华德/萨拉·贝克/RobertPollock/佩特·史密斯/杰德·布罗菲/菲利普·格里夫/布拉德·道里夫/克里斯托弗·李/布鲁斯·斯宾斯/吉诺·阿赛维多/JarlBenzon/JørnBenzon/RobertCatto/MichaelElsworth/彼得·杰克逊/SandroKopp/安德鲁·莱斯尼/约瑟夫·米卡-亨特/亨利·莫腾森/克雷格·帕克/克里斯蒂安·瑞沃斯/迈克尔·斯曼内科/霍华德·肖/约翰·斯蒂芬森/理查德·泰勒,剧情/动作/奇幻/冒险,美国/新西兰,英语 / 昆雅语 / 古英语 / 辛达林语,2004-03-12(中国大陆)/2021-05-14(中国大陆重映)/2003-12-17(美国),201分钟,9.3,673103,魔幻/史诗/经典/美国/战争/奥斯卡/新西兰/剧情
哈利·波特与魔法石,克里斯·哥伦布,史蒂夫·克洛夫斯/J·K·罗琳,丹尼尔·雷德克里夫/艾玛·沃森/鲁伯特·格林特/艾伦·瑞克曼/玛吉·史密斯/汤姆·费尔顿/伊恩·哈特/理查德·哈里斯/约翰·赫特/罗彼·考特拉尼/朱丽·沃特斯/邦妮·怀特/约翰·克里斯/肖恩·比格斯代夫,奇幻/冒险,美国/英国,英语,2002-01-26(中国大陆)/2020-08-14(中国大陆重映)/2001-11-04(英国首映)/2001-11-16(美国),152分钟,9.1,916385,哈利波特/魔幻/奇幻/经典/英国/成长/harrypotter/冒险
乱世佳人,维克多·弗莱明,玛格丽特·米歇尔/西德尼·霍华德/奥利弗·H·P·加勒特/本·赫克特/乔·斯沃林/约翰·范·德鲁登,费雯·丽/克拉克·盖博/奥利维娅·德哈维兰/托马斯·米切尔/芭芭拉·欧内尔/伊夫林·凯耶斯/安·卢瑟福德/乔治·里弗斯/弗莱德·克莱恩/海蒂·麦克丹尼尔斯/奥斯卡·波尔克/巴特弗莱·麦昆/维克托·乔里/埃弗雷特·布朗/霍华德·C·希克曼/艾丽西亚·瑞特/莱斯利·霍华德/兰德·布鲁克斯/卡洛尔·奈/劳拉·霍普·克鲁斯/埃迪·安德森/哈里·达文波特/利昂娜·罗伯特/简·达威尔/欧娜·满森/保罗·赫斯特/伊莎贝尔·朱尔/卡米·金·肯伦/艾瑞克·林登/J·M·克里根/沃德·邦德/莉莲·肯布尔-库珀,剧情/爱情/历史/战争,美国,英语,1939-12-15(亚特兰大首映)/1940-01-17(美国),238分钟,9.3,582706,经典/爱情/乱世佳人/战争/飘/美国/名著改编/女性
何以为家,娜丁·拉巴基,娜丁·拉巴基/吉哈德·霍加里/米歇尔·凯斯沃尼/乔治斯·哈巴兹/哈立德·穆扎纳,赞恩·阿尔·拉菲亚/约丹诺斯·希费罗/博鲁瓦蒂夫·特雷杰·班科尔/卡萨尔·艾尔·哈达德/法迪·尤瑟夫/海塔·塞德拉·伊扎姆/阿拉·乔什涅/娜丁·拉巴基/埃利亚斯·库利/努尔·艾尔·侯赛尼,剧情,黎巴嫩/美国/法国/塞浦路斯/卡塔尔/英国,阿拉伯语 / 阿姆哈拉语,2019-04-29(中国大陆)/2018-05-17(戛纳电影节)/2018-09-20(黎巴嫩),126分钟,9.1,859173,人性/儿童/难民/社会/成长/家庭/黎巴嫩/剧情
素媛,李濬益,金智慧/曹重勋/金成旭,薛景求/严志媛/李来/金海淑/金相浩/罗美兰/杨真诚/权泰元,剧情,韩国,韩语,2013-10-02(韩国),122分钟,9.3,562807,韩国/人性/虐心/犯罪/感人/温情/社会/家庭
飞屋环游记,彼特·道格特,彼特·道格特/鲍勃·彼德森/汤姆·麦卡锡,爱德华·阿斯纳/克里斯托弗·普卢默/乔丹·长井/鲍勃·彼德森/德尔罗伊·林多/杰罗姆·兰福特/约翰·拉岑贝格/大卫·卡耶/艾丽·道克特/杰里米·利里/米凯·麦高万/丹尼·曼恩/唐纳德·富利洛夫/杰斯·哈梅尔/乔什·库雷/彼特·道格特,剧情/喜剧/动画/冒险,美国,英语,2009-08-04(中国大陆)/2009-05-13(戛纳电影节)/2009-05-29(美国),96分钟,9.0,1124543,动画/梦想/冒险/美国/爱情/温情/pixar/Disney
摔跤吧！爸爸,涅提·蒂瓦里,比于什·古普塔/施热亚·简/尼基尔·麦罗特拉/涅提·蒂瓦里,阿米尔·汗/法缇玛·萨那·纱卡/桑亚·玛荷塔/阿帕尔夏克提·库拉那/沙克希·坦沃/塞伊拉·沃西/苏哈妮·巴特纳格尔/里特维克·萨霍里/吉里什·库卡尼,剧情/家庭/传记/运动,印度,印地语 / 英语,2017-05-05(中国大陆)/2016-12-23(印度),161分钟(印度),9.0,1333766,励志/印度/成长/亲情/女性/女权/体育/运动
十二怒汉,西德尼·吕美特,雷金纳德·罗斯,亨利·方达/马丁·鲍尔萨姆/约翰·菲德勒/李·科布/E.G.马绍尔/杰克·克卢格曼/爱德华·宾斯/杰克·瓦尔登/约瑟夫·史威尼/埃德·贝格利/乔治·沃斯科维奇/罗伯特·韦伯,剧情,美国,英语,1957-04-13(美国),96 分钟,9.4,392502,经典/人性/美国/黑白/剧情/法律/推理/1957
哈尔的移动城堡,宫崎骏,宫崎骏/黛安娜·温恩·琼斯,倍赏千惠子/木村拓哉/美轮明宏/我修院达也/神木隆之介/伊崎充则/大泉洋/大塚明夫/原田大二郎/加藤治子/都筑香弥子,动画/奇幻/冒险,日本,日语,2004-09-05(威尼斯电影节)/2004-11-20(日本),119分钟,9.1,843277,宫崎骏/动画/哈尔的移动城堡/日本/宫崎峻/爱情/动漫/日本动画
少年派的奇幻漂流,李安,扬·马特尔/大卫·麦基,苏拉·沙玛/伊尔凡·可汗/拉菲·斯波/阿迪勒·侯赛因/塔布/阿尤什·坦东/加塔姆·贝鲁尔/阿彦·汗/穆德·阿巴斯·卡勒里/维比什·希瓦库玛/热拉尔·德帕迪约/詹姆斯·塞托/俊·奈托/安德里亚·迪·斯戴法诺/沙拉万提·塞纳特/王柏杰/柯一正/黄健玮,剧情/奇幻/冒险,美国/中国台湾/英国/加拿大,英语 / 泰米尔语 / 法语 / 日语 / 印地语 / 汉语普通话,2012-11-22(中国大陆)/2012-09-28(纽约电影节)/2012-11-21(美国),127分钟,9.1,1170096,奇幻/冒险/人性/人生/美国/剧情/3D/文艺
鬼子来了,姜文,姜文/史建全/述平/尤凤伟,姜文/香川照之/袁丁/姜宏波/丛志军/李从喜/泽田谦也/李海滨/蔡卫东/陈述/陈莲梅/史建全/陈强/宫路佳具/吴大维/梶冈润一/石山雄大/述平/姜武,剧情/喜剧,中国大陆,汉语普通话 / 日语 / 唐山话,2000-05-12(戛纳电影节)/2002-04-27(日本),139分钟,9.3,520828,姜文/人性/战争/黑色幽默/鬼子来了/抗日/中国电影/中国
我不是药神,文牧野,韩家女/钟伟/文牧野,徐峥/王传君/周一围/谭卓/章宇/杨新鸣/王佳佳/王砚辉/贾晨飞/龚蓓苾/宁浩/李乃文/岳小军/苇青/富冠铭/巴拉特·巴蒂/喜利图/张海艳/朱耕佑,剧情/喜剧,中国大陆,汉语普通话 / 英语 / 上海话 / 印地语,2018-07-05(中国大陆)/2018-06-30(大规模点映),117分钟,9.0,1773251,人性/社会/真实事件改编/生命/中国大陆/剧情/药/黑色幽默
大话西游之月光宝盒,刘镇伟,刘镇伟/吴承恩,周星驰/吴孟达/罗家英/蓝洁瑛/莫文蔚/江约诚/陆树铭/刘镇伟/朱茵/李健仁,喜剧/爱情/奇幻/古装,中国香港/中国大陆,粤语 / 汉语普通话,2014-10-24(中国大陆)/1995-01-21(中国香港),87分钟,9.0,1037178,经典/喜剧/香港/爱情/大话西游/搞笑/无厘头/中国
天空之城,宫崎骏,宫崎骏,田中真弓/横泽启子/初井言荣/寺田农/常田富士男/永井一郎/糸博/鹫尾真知子/神山卓三/安原义人/槐柳二/鳕子,动画/奇幻/冒险,日本,日语,1992-05-01(中国大陆)/1986-08-02(日本),125分钟,9.1,704477,宫崎骏/动画/天空之城/日本/动漫/宮崎駿/日本动画/经典
天堂电影院,朱塞佩·托纳多雷,朱塞佩·托纳多雷/瓦娜·波利,菲利普·努瓦雷/雅克·贝汉/马克·莱昂纳蒂/萨瓦特利·卡西欧/莱奥波多·特里耶斯泰/安东内拉·阿蒂利/恩佐·卡拉瓦勒/艾萨·丹尼埃利/里奥·故罗塔/普佩拉·玛奇奥/阿格妮丝·那诺/塔诺·希玛罗萨/尼古拉·迪·平托/罗伯塔·蕾娜/尼诺·戴罗佐/玛丽娜·朱迪切/比阿特丽斯·帕姆/布丽吉特·佛西/朱塞佩·托纳多雷,剧情/爱情,意大利/法国,意大利语,2021-06-11(中国大陆)/1988-11-17(意大利),155分钟,9.2,581729,意大利/经典/成长/剧情/人生/温情/电影/感人
闻香识女人,马丁·布莱斯特,博·古德曼/乔瓦尼·阿尔皮诺,阿尔·帕西诺/克里斯·奥唐纳/詹姆斯·瑞布霍恩/加布里埃尔·安瓦尔/菲利普·塞默·霍夫曼/理查德·文彻/布莱德利·惠特福德/罗谢尔·奥利弗/MargaretEginton/TomRiisFarrell/NicholasSadler/托德·路易斯/马特·史密斯/吉恩·坎菲尔德/弗兰西丝·康罗伊,剧情,美国,英语,1992-12-23(美国),157 分钟,9.1,726426,经典/阿尔·帕西诺/美国/闻香识女人/人性/剧情/成长/人生
指环王2：双塔奇兵,彼得·杰克逊,弗兰·威尔士/菲利帕·鲍恩斯/斯蒂芬·辛克莱/彼得·杰克逊/J.R.R.托尔金,伊利亚·伍德/西恩·奥斯汀/多米尼克·莫纳汉/奥兰多·布鲁姆/维果·莫腾森/伊恩·麦克莱恩/凯特·布兰切特/比利·博伊德/杰德·布罗菲/丽芙·泰勒/安迪·瑟金斯/米兰达·奥图/雨果·维文/布拉德·道里夫/卡卢姆·吉廷斯/伯纳德·希尔/布鲁斯·霍普金斯/克里斯托弗·李/纳撒尼尔·利斯/罗宾·马尔科姆/约翰·贝西/萨拉·贝克/克雷格·帕克/布鲁斯·菲利普斯/RobertPollock/约翰·瑞斯-戴维斯/奥利维亚·田內/卡尔·厄本/史蒂芬·乌瑞/大卫·文翰/菲利普·格里夫/肖恩·宾/约翰·诺贝尔/JarlBenzon/JørnBenzon/BenBritton/阿利斯泰尔·布朗宁/SeanButton/RobertCatto/罗德尼·库克/卡尔洛斯·德林克沃特/西奥沙福瓦/本·弗兰舍姆/JonathanHarding/LucasHayward/丹·汉纳/保罗·霍姆斯/杰森霍德/彼得·杰克逊/SamKelly/SandroKopp,剧情/动作/奇幻/冒险,美国/新西兰,英语 / 辛达林语 / 古代英语,2003-04-25(中国大陆)/2021-04-23(中国大陆重映)/2002-12-05(纽约首映)/2002-12-18(美国),180分钟,9.2,627084,魔幻/史诗/经典/美国/战争/大片/冒险/新西兰
罗马假日,威廉·惠勒,伊安·麦克莱伦·亨特/约翰·戴顿/达尔顿·特朗勃,奥黛丽·赫本/格利高里·派克/埃迪·艾伯特/哈特利·鲍尔/哈考特·威廉姆斯/玛格丽特·罗林斯/托里奥·卡米纳提/保罗·卡利尼/克劳迪奥·埃尔梅利/保拉·布鲁布尼/里佐·弗雷多里佐,剧情/喜剧/爱情,美国,英语 / 意大利语 / 德语,1953-08-20(威尼斯电影节)/1953-09-02(美国),118分钟,9.0,819198,奥黛丽·赫本/经典/爱情/浪漫/罗马假日/美国/赫本/美国电影
猫鼠游戏,史蒂文·斯皮尔伯格,杰夫·内桑森,莱昂纳多·迪卡普里奥/汤姆·汉克斯/克里斯托弗·沃肯/马丁·辛/艾米·亚当斯/詹妮弗·加纳/伊丽莎白·班克斯/纳塔莉·贝伊/詹姆斯·布洛林/艾伦·旁派/南希·利内翰/布莱恩·豪威/弗兰克·约翰·休斯/克里斯·埃里斯,剧情/传记/犯罪,美国/加拿大,英语 / 法语,2003-04-11(中国大陆)/2002-12-16(洛杉矶首映)/2002-12-25(美国),141 分钟,9.1,768354,犯罪/莱昂纳多·迪卡普里奥/剧情/美国/斯皮尔伯格/汤姆·汉克斯/经典/LeonardoDiCaprio
辩护人,杨宇硕,杨宇硕/尹贤浩,宋康昊/金英爱/吴达洙/郭度沅/任时完/宋永彰/郑元中/赵敏基/李杭娜/李星民/车光洙/韩基重/沈熙燮/赵莞基/李姃垠,剧情,韩国,韩语,2013-12-18(韩国),127分钟,9.2,508995,韩国/政治/法律/民主/人性/剧情/感人/社会
